www.facebook.com,www.whatsapp.com
www.twitter.com,www.tiktok.com
www.snapchat.com,www.instagram.com
www.pinterest.com,www.instagram.com
www.discretemath.com,www.linearalgebra.com,
www.analysis.com,www.analysis.com
www.digitaldesign.com,www.digitaldesign2.com,
www.digitaldesign.com,www.computerarchitecture.com
www.computerengineering.com,www.CS.com
www.CS1.com,www.CS2.com
www.Calculus1.com,www.Calculus2.com
www.Calculus2.com,www.Calculus3.com
www.zara.com,www.H&M.com
www.H&M.com,www.Stradivarius.com
www.uber.com,www.Careem.com
www.Gobus.com,www.SWVL.com